,parola,count
0,serio,259
1,game,167
2,squid,154
3,anno,121
4,coreano,116
5,dio,109
6,netflix,106
7,giocare,97
8,potere,91
9,primo,91
10,film,86
11,altro,78
12,nuovo,68
13,sempre,65
14,corea,65
15,mondare,64
16,milione,61
17,tv,61
18,succedere,58
19,storia,58
20,bambino,55
21,dopo,54
22,dovere,54
23,vistare,53
24,tempo,52
25,partire,52
26,venire,49
27,raccontare,49
28,proprio,48
29,dire,47
30,dare,46
31,paese,45
32,due,45
33,k,45
34,sudcoreano,44
35,diventare,44
36,vincere,44
37,cinema,44
38,mentre,43
39,parlare,43
40,così,43
41,piattaforma,42
42,giorno,42
43,vita,42
44,stesso,42
45,d,41
46,solere,40
47,lingua,40
48,spiegare,40
49,oggi,39
50,persona,37
51,gioco,37
52,volere,37
53,quando,37
54,cosa,37
55,pop,36
56,fino,36
57,mettere,35
58,jung,35
59,perdere,33
60,pensare,33
61,pubblicare,33
62,protagonista,33
63,cultura,32
64,piccolo,32
65,volto,32
66,senza,31
67,stagione,31
68,arrivare,31
69,vedere,31
70,ancorare,30
71,poi,30
72,già,29
73,globale,29
74,giocatore,29
75,orare,29
76,the,29
77,tre,29
78,italiano,29
79,giovane,29
80,restare,29
81,poco,29
82,secondo,28
83,famiglia,28
84,neo,27
85,scuola,27
86,sud,27
87,personaggio,27
88,grande,26
89,dirigere,26
90,musico,26
91,andare,26
92,madre,26
93,buono,26
94,scrivere,26
95,italia,25
96,secondare,25
97,episodio,25
98,casa,25
99,scena,25
100,guardare,24
101,stato,24
102,regista,24
103,qualche,24
104,qui,24
105,fenomeno,23
106,asiatico,23
107,alcun,23
108,hwang,23
109,società,23
110,partecipare,23
111,genitore,23
112,premiare,23
113,sapere,23
114,vero,22
115,debuttare,22
116,produrre,22
117,dong,22
118,hyuk,22
119,ogni,22
120,mai,22
121,modo,22
122,streaming,21
123,oscar,21
124,ansare,21
125,vivere,21
126,moda,21
127,trovare,21
128,attore,21
129,record,20
130,contare,20
131,social,20
132,uscire,20
133,inglese,20
134,lee,20
135,figliare,20
136,attrice,20
137,gruppo,20
138,crescere,20
139,interpretare,20
140,prendere,20
141,iniziare,20
142,esempio,20
143,quattro,19
144,leggere,19
145,originale,19
146,postare,19
147,ricco,19
148,calamaro,19
149,ultimo,19
150,sentire,19
151,dollaro,19
152,forse,19
153,diro,19
154,parasite,18
155,planetario,18
156,lavorare,18
157,però,18
158,stellare,18
159,diverso,18
160,temere,18
161,scelto,18
162,ricordare,18
163,importare,18
164,bastare,18
165,menare,17
166,insegnare,17
167,passare,17
168,6,17
169,numerare,17
170,spettatore,17
171,formare,17
172,quindi,17
173,show,17
174,sembrare,17
175,oltre,16
176,superare,16
177,medio,16
178,contenuto,16
179,momento,16
180,scorrere,16
181,sociale,16
182,conquistare,16
183,donna,16
184,circa,16
185,ormai,16
186,seguire,16
187,bene,16
188,puntare,16
189,miglior,16
190,giapponese,16
191,tornare,16
192,tanto,16
193,figlio,16
194,appuntire,16
195,settimana,15
196,culturale,15
197,grazia,15
198,numero,15
199,popolare,15
200,realtà,15
201,rendere,15
202,sotto,15
203,1,15
204,certo,15
205,mese,15
206,provare,15
207,attraversare,15
208,digitale,15
209,via,15
210,povero,15
211,lanciare,14
212,nord,14
213,scoprire,14
214,titolare,14
215,carta,14
216,girare,14
217,mostrare,14
218,schermare,14
219,4,14
220,indossare,14
221,umano,14
222,dieci,14
223,rete,14
224,riproduzione,14
225,riservato,14
226,new,13
227,sceneggiatura,13
228,violento,13
229,tuta,13
230,infatti,13
231,ben,13
232,nome,13
233,internazionale,13
234,cambiamento,13
235,durare,13
236,mano,13
237,premio,13
238,ragazzo,13
239,sottotitolo,13
240,capire,13
241,online,13
242,pachinko,13
243,ruolo,13
244,vittima,13
245,ultimare,13
246,forzare,13
247,produzione,13
248,top,12
249,band,12
250,bts,12
251,joon,12
252,york,12
253,studente,12
254,portare,12
255,2020,12
256,televisivo,12
257,korea,12
258,solo,12
259,versione,12
260,won,12
261,bisognare,12
262,subire,12
263,realizzare,12
264,natura,12
265,aprire,12
266,offrire,12
267,futuro,12
268,of,12
269,dedicare,12
270,francese,12
271,genera,12
272,americano,12
273,caso,12
274,firenze,12
275,ecco,12
276,sunja,12
277,cinematografico,12
278,campire,12
279,hoyeon,12
280,quasi,12
281,bridgerton,11
282,111,11
283,vincitore,11
284,bong,11
285,17,11
286,settembre,11
287,arrivato,11
288,tangere,11
289,continuare,11
290,456,11
291,concorrere,11
292,età,11
293,forte,11
294,cambiare,11
295,causare,11
296,parola,11
297,soprattutto,11
298,instagram,11
299,davanti,11
300,lungo,11
301,annunciare,11
302,evento,11
303,punto,11
304,programmare,11
305,destinare,11
306,festival,11
307,personale,11
308,qualcosa,11
309,7,11
310,meglio,11
311,me,11
312,infanzia,11
313,azione,11
314,14,11
315,entrare,11
316,seul,11
317,nato,11
318,familiare,11
319,puro,11
320,ciò,11
321,0,11
322,particolare,10
323,minuto,10
324,morto,10
325,basire,10
326,trattare,10
327,finire,10
328,unito,10
329,30,10
330,storico,10
331,10,10
332,lottare,10
333,violenza,10
334,verde,10
335,morire,10
336,rosso,10
337,soldo,10
338,jae,10
339,modellare,10
340,post,10
341,roma,10
342,s,10
343,dalgona,10
344,riuscire,10
345,2,10
346,ora,10
347,romanzare,10
348,bianco,10
349,2021,10
350,critico,10
351,tramare,10
352,spesso,10
353,carolina,10
354,fronte,10
355,contenere,10
356,significare,10
357,uomo,10
358,farsi,10
359,animare,10
360,dato,10
361,brand,10
362,senso,10
363,guadagnare,9
364,raggiungere,9
365,25,9
366,terzo,9
367,troppo,9
368,possibile,9
369,sopravvivenza,9
370,unico,9
371,visione,9
372,hunger,9
373,debito,9
374,aspettare,9
375,finanziario,9
376,ispirare,9
377,legato,9
378,segnare,9
379,seguito,9
380,15,9
381,louis,9
382,vuitton,9
383,estremo,9
384,rispondere,9
385,prova,9
386,ricevere,9
387,chiamare,9
388,utilizzare,9
389,crisi,9
390,categoria,9
391,perfetto,9
392,generale,9
393,dentro,9
394,mondiale,9
395,viaggiare,9
396,ce,9
397,tendenza,9
398,aiutare,9
399,imparare,9
400,economico,9
401,persino,9
402,aumentare,9
403,attenzione,9
404,parigi,9
405,sfidare,9
406,apple,9
407,kim,9
408,picchiare,9
409,musicale,9
410,liso,9
411,davvero,9
412,considerare,9
413,disponibile,9
414,sopravvivere,9
415,maniera,9
416,immaginario,9
417,gara,9
418,sistemare,9
419,tipo,9
420,minari,9
421,ragazzino,9
422,filo,9
423,dramma,8
424,hollywood,8
425,asia,8
426,cina,8
427,rischiare,8
428,registrare,8
429,nero,8
430,battaglia,8
431,lasciare,8
432,carriera,8
433,portato,8
434,miliardo,8
435,problema,8
436,pieno,8
437,maschera,8
438,messaggio,8
439,mortale,8
440,presentire,8
441,seoul,8
442,gestire,8
443,vicino,8
444,decidere,8
445,atleta,8
446,notizia,8
447,ottobre,8
448,5,8
449,mentire,8
450,vento,8
451,padre,8
452,comunità,8
453,correre,8
454,guerra,8
455,mercato,8
456,rimanere,8
457,spagnolo,8
458,neanche,8
459,dunque,8
460,contemporaneo,8
461,occasione,8
462,conoscere,8
463,giappone,8
464,immagine,8
465,compagno,8
466,scolastico,8
467,ordine,8
468,utente,8
469,j,8
470,9,8
471,impattare,8
472,fin,8
473,colpo,8
474,recitare,8
475,ovvero,8
476,frontiera,8
477,invece,8
478,quell,8
479,bambina,8
480,generare,8
481,accadere,8
482,narrazione,8
483,compagnia,8
484,ragazza,8
485,effetto,8
486,condividere,8
487,jisoo,8
488,zerocalcare,8
489,precedere,7
490,confermare,7
491,virale,7
492,tradizionale,7
493,epoca,7
494,atteso,7
495,82,7
496,riportare,7
497,uso,7
498,proibire,7
499,ingresso,7
500,intervistare,7
501,distopica,7
502,sì,7
503,progettare,7
504,classe,7
505,45,7
506,euro,7
507,controllare,7
508,mascherare,7
509,gi,7
510,hun,7
511,video,7
512,tiktok,7
513,ideare,7
514,costume,7
515,halloween,7
516,elementare,7
517,puntato,7
518,rappresentare,7
519,mare,7
520,famoso,7
521,usare,7
522,fuori,7
523,youtube,7
524,luogo,7
525,mezzo,7
526,8,7
527,alto,7
528,adattare,7
529,trionfare,7
530,awards,7
531,chiaro,7
532,conseguenza,7
533,versare,7
534,comportamento,7
535,cominciare,7
536,riconoscere,7
537,gigante,7
538,lucere,7
539,tenere,7
540,chiudere,7
541,adulto,7
542,arte,7
543,piacere,7
544,survival,7
545,riscattare,7
546,doppiato,7
547,sicuramente,7
548,studiare,7
549,divertire,7
550,amore,7
551,onore,7
552,occhio,7
553,fondazione,7
554,togliere,7
555,sicurezza,7
556,membro,7
557,ascoltare,7
558,cercare,7
559,vivo,7
560,vista,7
561,indebitare,7
562,novembre,7
563,nessuno,7
564,tale,7
565,affrontare,7
566,ricerca,7
567,gente,7
568,regalare,7
569,spirito,7
570,regola,7
571,situazione,7
572,allarme,7
573,salire,7
574,debole,7
575,insieme,7
576,pregiudizio,7
577,te,7
578,pelle,7
579,associazione,7
580,imitare,7
581,scalare,6
582,classifica,6
583,80,6
584,qualsiasi,6
585,account,6
586,mania,6
587,radiare,6
588,free,6
589,principalmente,6
590,visualizzazione,6
591,nove,6
592,90,6
593,firmare,6
594,aggiuntare,6
595,battle,6
596,royale,6
597,accettare,6
598,misterioso,6
599,montepremi,6
600,crimine,6
601,isolare,6
602,park,6
603,ricercare,6
604,centinaio,6
605,chiedere,6
606,ripresa,6
607,vietato,6
608,cibare,6
609,onda,6
610,follower,6
611,20,6
612,popolarità,6
613,strada,6
614,produttore,6
615,speranza,6
616,super,6
617,prezzo,6
618,pechino,6
619,olimpico,6
620,affermare,6
621,olimpiade,6
622,competizione,6
623,basso,6
624,coinvolgere,6
625,femminile,6
626,regio,6
627,candidatura,6
628,serata,6
629,best,6
630,adolescente,6
631,ricordo,6
632,gesto,6
633,costringere,6
634,accusare,6
635,dipendere,6
636,artista,6
637,prevedere,6
638,elegante,6
639,terra,6
640,florence,6
641,lì,6
642,rispettare,6
643,migliorare,6
644,drama,6
645,3,6
646,segreto,6
647,intrecciare,6
648,credere,6
649,saga,6
650,aprile,6
651,showrunner,6
652,appassionato,6
653,yuh,6
654,youn,6
655,jin,6
656,petizione,6
657,materno,6
658,finestra,6
659,bloccare,6
660,40,6
661,icona,6
662,estetico,6
663,dietro,6
664,nascondere,6
665,parcare,6
666,porto,6
667,curare,6
668,differenza,6
669,sparare,6
670,circolare,6
671,po,6
672,anonimo,6
673,covid,6
674,ieri,6
675,uccidere,6
676,and,6
677,partenza,6
678,sk,6
679,dominare,6
680,fruttare,6
681,ampio,6
682,voltare,6
683,chanel,6
684,creatore,6
685,los,6
686,angeles,6
687,colpire,6
688,consapevole,6
689,riconoscersi,6
690,influenzare,6
691,pronto,6
692,crudele,6
693,saltare,6
694,pescare,6
695,strumento,6
696,amico,6
697,fatto,6
698,milano,6
699,principale,6
700,politico,6
701,mancare,6
702,parere,6
703,giornata,6
704,pistola,6
705,telefonare,6
706,jennie,6
707,rosé,6
708,celine,6
709,dior,6
710,vincenzo,6
711,almeno,5
712,preso,5
713,oh,5
714,beauty,5
715,variety,5
716,esecuzione,5
717,cinque,5
718,straniero,5
719,libro,5
720,nonostante,5
721,discutere,5
722,battere,5
723,drammatico,5
724,commedia,5
725,sceneggiatore,5
726,concetto,5
727,mamma,5
728,soo,5
729,anziano,5
730,reale,5
731,oggetto,5
732,vario,5
733,signora,5
734,pandemia,5
735,27,5
736,pario,5
737,presenza,5
738,26,5
739,riconoscimento,5
740,quarto,5
741,model,5
742,sfilare,5
743,comprare,5
744,splatter,5
745,zuccherare,5
746,sorto,5
747,recere,5
748,lim,5
749,moglie,5
750,quartiere,5
751,appena,5
752,000,5
753,raro,5
754,n,5
755,intraprendere,5
756,occidentale,5
757,19,5
758,testare,5
759,bello,5
760,cinese,5
761,spirit,5
762,my,5
763,comico,5
764,chappelle,5
765,trans,5
766,minacciare,5
767,ammettere,5
768,tenero,5
769,cogliere,5
770,programmazione,5
771,scaricare,5
772,titolo,5
773,londra,5
774,invitare,5
775,fest,5
776,simbolo,5
777,generazione,5
778,passo,5
779,sfidarsi,5
780,ulteriore,5
781,finlandese,5
782,villaggio,5
783,incredibile,5
784,semplice,5
785,città,5
786,regina,5
787,maggior,5
788,spostare,5
789,ciascuno,5
790,fermare,5
791,change,5
792,onlus,5
793,corpo,5
794,mimare,5
795,proporre,5
796,sopra,5
797,eppure,5
798,qualcuno,5
799,min,5
800,valore,5
801,travolgere,5
802,giovanissimi,5
803,periodare,5
804,blackpink,5
805,style,5
806,prestare,5
807,prospettivo,5
808,relazione,5
809,quest,5
810,intorno,5
811,complesso,5
812,ovviamente,5
813,passaggio,5
814,merce,5
815,nave,5
816,no,5
817,continuo,5
818,primato,5
819,annoiato,5
820,videogame,5
821,assomigliare,5
822,mescolare,5
823,recitazione,5
824,campo,5
825,potenza,5
826,ambiente,5
827,massiccio,5
828,significativo,5
829,capitare,5
830,ki,5
831,chan,5
832,diseguaglianza,5
833,posare,5
834,sangue,5
835,innamorare,5
836,impennare,5
837,marchiare,5
838,allora,5
839,stressare,5
840,contestare,5
841,faticare,5
842,pesare,5
843,raccolto,5
844,ucciso,5
845,altrettanto,5
846,spietato,5
847,uguale,5
848,smartphone,5
849,competenza,5
850,tecnologico,5
851,consapevolezza,5
852,banca,5
853,performance,5
854,occupazione,5
855,meritare,5
856,web,5
857,grinzato,5
858,foto,5
859,perdonare,5
860,ricorrere,5
861,contrattare,5
862,istituto,5
863,daeiri,5
864,migliaio,5
865,cult,4
866,immaginare,4
867,sterminato,4
868,diffondere,4
869,tramite,4
870,interno,4
871,includere,4
872,cannes,4
873,citare,4
874,trasmettere,4
875,lavoro,4
876,approvare,4
877,eliminazione,4
878,confermato,4
879,times,4
880,thriller,4
881,sarandos,4
882,attendere,4
883,quotidiano,4
884,margine,4
885,vestito,4
886,rivisto,4
887,arricchire,4
888,guardia,4
889,diviso,4
890,seong,4
891,denaro,4
892,colorire,4
893,creare,4
894,comparire,4
895,disturbare,4
896,intanto,4
897,distretto,4
898,presidio,4
899,area,4
900,polemico,4
901,guidare,4
902,narrare,4
903,seguitare,4
904,scatenare,4
905,gran,4
906,oxford,4
907,english,4
908,dictionary,4
909,indire,4
910,google,4
911,centrare,4
912,capitalismo,4
913,dolcetto,4
914,bicarbonato,4
915,gratuito,4
916,signore,4
917,tecnico,4
918,difficile,4
919,hit,4
920,artistico,4
921,solito,4
922,acquistare,4
923,pressare,4
924,contentare,4
925,attività,4
926,negoziare,4
927,orientale,4
928,invernale,4
929,doppiare,4
930,12,4
931,prevenzione,4
932,atto,4
933,organizzazione,4
934,sede,4
935,sicuro,4
936,gyllenhaal,4
937,perduto,4
938,indipendente,4
939,22,4
940,colmare,4
941,car,4
942,finale,4
943,criminale,4
944,oscuro,4
945,omonimo,4
946,complicità,4
947,strano,4
948,anti,4
949,virtuale,4
950,closer,4
951,battuto,4
952,creativo,4
953,armare,4
954,malo,4
955,street,4
956,rapidamente,4
957,142,4
958,trimestre,4
959,scegliere,4
960,ventina,4
961,enorme,4
962,servire,4
963,commentare,4
964,tradimento,4
965,europa,4
966,sperare,4
967,interessare,4
968,prossimo,4
969,apparenza,4
970,crescita,4
971,indagine,4
972,segnalare,4
973,inoltre,4
974,comune,4
975,diffuso,4
976,emily,4
977,formazione,4
978,studiato,4
979,unire,4
980,laura,4
981,russare,4
982,mosca,4
983,amare,4
984,nipote,4
985,org,4
986,cyberbullismo,4
987,esperto,4
988,zaino,4
989,canale,4
990,vendere,4
991,attivare,4
992,rapper,4
993,statunitense,4
994,esperienza,4
995,emozione,4
996,numeroso,4
997,noto,4
998,psy,4
999,esplosivo,4
1000,datare,4
1001,distribuire,4
1002,giovedì,4
1003,hye,4
1004,ragione,4
1005,tornire,4
1006,mattina,4
1007,pressione,4
1008,insomma,4
1009,figurare,4
1010,fossa,4
1011,fuoco,4
1012,stanza,4
1013,autore,4
1014,escape,4
1015,milionario,4
1016,sera,4
1017,chilometro,4
1018,nampho,4
1019,impossibile,4
1020,pubblicità,4
1021,sbarcare,4
1022,analisi,4
1023,center,4
1024,processare,4
1025,marketing,4
1026,disney,4
1027,live,4
1028,memoria,4
1029,scommettere,4
1030,indiano,4
1031,evolvere,4
1032,follia,4
1033,singolo,4
1034,gestione,4
1035,sostenuto,4
1036,limite,4
1037,pur,4
1038,origine,4
1039,ognuno,4
1040,duemila,4
1041,capillare,4
1042,conoscenza,4
1043,maison,4
1044,asian,4
1045,award,4
1046,2019,4
1047,miu,4
1048,suonare,4
1049,acqua,4
1050,sedere,4
1051,librare,4
1052,red,4
1053,richiedere,4
1054,promettere,4
1055,divertimento,4
1056,scrittore,4
1057,fra,4
1058,oppure,4
1059,homo,4
1060,docente,4
1061,king,4
1062,condizione,4
1063,socio,4
1064,universale,4
1065,orribile,4
1066,somigliare,4
1067,prevedibile,4
1068,disumanizzante,4
1069,edizione,4
1070,domandare,4
1071,diseredato,4
1072,votare,4
1073,miliardario,4
1074,carceriere,4
1075,organizzare,4
1076,identità,4
1077,dispositivo,4
1078,equilibrio,4
1079,rischio,4
1080,fattore,4
1081,responsabilità,4
1082,necessario,4
1083,accompagnare,4
1084,percorrere,4
1085,disposizione,4
1086,sfondare,4
1087,biglietto,4
1088,arco,4
1089,novecento,4
1090,seller,4
1091,immigrato,4
1092,nonna,4
1093,lontano,4
1094,azzardare,4
1095,massimo,4
1096,specie,4
1097,valere,4
1098,racconto,4
1099,pasto,4
1100,classificare,4
1101,grato,4
1102,incollare,4
1103,urlo,4
1104,rilevare,4
1105,from,4
1106,rassegnare,4
1107,metà,4
1108,febbraio,4
1109,metropolitano,4
1110,esistere,4
1111,citato,4
1112,posto,4
1113,palio,4
1114,originalità,4
1115,classico,4
1116,statuto,4
1117,collettivo,4
1118,alternativo,4
1119,vagamente,4
1120,essa,4
1121,rignano,4
1122,preside,4
1123,silvia,4
1124,svanera,4
1125,allertare,4
1126,soggetto,4
1127,saghar,4
1128,adorare,4
1129,cerimonia,4
1130,niente,4
1131,bellezza,4
1132,spuntarla,4
1133,ripetere,4
1134,sbucare,4
1135,nominare,4
1136,marco,4
1137,sfilato,4
1138,saint,4
1139,laurent,4
1140,resa,4
1141,confino,3
1142,attirare,3
1143,distopico,3
1144,emarginato,3
1145,passaparola,3
1146,ufficialmente,3
1147,romantico,3
1148,boy,3
1149,palma,3
1150,routine,3
1151,condannare,3
1152,riferire,3
1153,chiavetta,3
1154,usb,3
1155,sorprendere,3
1156,plotone,3
1157,condannato,3
1158,impedire,3
1159,28,3
1160,esordio,3
1161,rifiuto,3
1162,compreso,3
1163,ted,3
1164,assoluto,3
1165,riflettere,3
1166,competitivo,3
1167,grottesco,3
1168,uomini,3
1169,trauma,3
1170,33,3
1171,sang,3
1172,cliente,3
1173,yeon,3
1174,malato,3
1175,nam,3
1176,dark,3
1177,centrale,3
1178,chiamata,3
1179,ansia,3
1180,ott,3
1181,probabilmente,3
1182,festa,3
1183,alunno,3
1184,violentare,3
1185,lettera,3
1186,inviato,3
1187,termine,3
1188,introduzione,3
1189,comunicare,3
1190,korean,3
1191,nordcoreano,3
1192,ambasciatrice,3
1193,gioiello,3
1194,fendere,3
1195,pasticceria,3
1196,associare,3
1197,povertà,3
1198,lato,3
1199,ombrello,3
1200,infilare,3
1201,leccare,3
1202,70,3
1203,complicato,3
1204,atmosfera,3
1205,specialmente,3
1206,pioggia,3
1207,sun,3
1208,400,3
1209,capitale,3
1210,stampare,3
1211,incontrare,3
1212,moderno,3
1213,professore,3
1214,university,3
1215,arto,3
1216,2022,3
1217,competere,3
1218,possibilità,3
1219,elemento,3
1220,sfida,3
1221,independent,3
1222,budget,3
1223,olivia,3
1224,rivelare,3
1225,afroamericano,3
1226,drive,3
1227,italo,3
1228,danese,3
1229,coinvolgimento,3
1230,venezia,3
1231,peter,3
1232,ledere,3
1233,osservare,3
1234,sinistro,3
1235,universo,3
1236,conto,3
1237,dubbio,3
1238,tradurre,3
1239,2013,3
1240,nascita,3
1241,capere,3
1242,azienda,3
1243,umanità,3
1244,adesso,3
1245,aggiungere,3
1246,preparare,3
1247,protestare,3
1248,leader,3
1249,smettere,3
1250,riguardare,3
1251,presidente,3
1252,regionale,3
1253,consegnare,3
1254,sguardo,3
1255,avanti,3
1256,audiovisivo,3
1257,sviluppare,3
1258,setta,3
1259,provenire,3
1260,difficoltà,3
1261,desiderio,3
1262,affidarsi,3
1263,autonomamente,3
1264,strutturare,3
1265,merchandising,3
1266,coprire,3
1267,contribuire,3
1268,tedesco,3
1269,ambientare,3
1270,caratterizzare,3
1271,vocabolario,3
1272,quinto,3
1273,madrid,3
1274,secolo,3
1275,vicenda,3
1276,dicembre,3
1277,espressione,3
1278,opportunità,3
1279,crown,3
1280,addirittura,3
1281,contento,3
1282,fantascienza,3
1283,tonare,3
1284,cast,3
1285,otto,3
1286,29,3
1287,basare,3
1288,hugh,3
1289,profondere,3
1290,panno,3
1291,parlamentare,3
1292,coscienza,3
1293,decina,3
1294,segnalazione,3
1295,emulare,3
1296,ivano,3
1297,zoppo,3
1298,oramai,3
1299,boys,3
1300,16,3
1301,connessione,3
1302,idol,3
1303,kblue,3
1304,carico,3
1305,aria,3
1306,ovunque,3
1307,pubblicitario,3
1308,stazione,3
1309,spingere,3
1310,comprendere,3
1311,certificare,3
1312,canzone,3
1313,solista,3
1314,personalità,3
1315,eccellenza,3
1316,gangnam,3
1317,one,3
1318,francesco,3
1319,cinematografia,3
1320,industriare,3
1321,notte,3
1322,romanzo,3
1323,scavare,3
1324,room,3
1325,farlo,3
1326,sabato,3
1327,domenica,3
1328,location,3
1329,collare,3
1330,ritenere,3
1331,assolutamente,3
1332,illegalmente,3
1333,pyongyang,3
1334,forza,3
1335,autorizzare,3
1336,chiunque,3
1337,copia,3
1338,nk,3
1339,sito,3
1340,questione,3
1341,soltanto,3
1342,fonte,3
1343,dovuto,3
1344,williams,3
1345,sky,3
1346,mercoledì,3
1347,conosciuto,3
1348,condurre,3
1349,bizzarro,3
1350,intrattenere,3
1351,equivalere,3
1352,call,3
1353,duty,3
1354,manga,3
1355,look,3
1356,feel,3
1357,ancella,3
1358,concessione,3
1359,nostalgico,3
1360,frequentare,3
1361,kung,3
1362,grafico,3
1363,concentramento,3
1364,collettività,3
1365,trono,3
1366,spada,3
1367,restringere,3
1368,rilasciare,3
1369,broadband,3
1370,internet,3
1371,costare,3
1372,altissimo,3
1373,costo,3
1374,duk,3
1375,wook,3
1376,genero,3
1377,completamente,3
1378,imperare,3
1379,angloamericano,3
1380,terreno,3
1381,periferia,3
1382,videogioco,3
1383,orizzontale,3
1384,cancellare,3
1385,fruibile,3
1386,epocale,3
1387,distogliere,3
1388,facile,3
1389,familiarità,3
1390,sottotitolate,3
1391,generazionale,3
1392,gap,3
1393,generalista,3
1394,97,3
1395,successivo,3
1396,slip,3
1397,t,3
1398,shirt,3
1399,35,3
1400,riferimento,3
1401,etico,3
1402,vitale,3
1403,audio,3
1404,stilistico,3
1405,accorgere,3
1406,novità,3
1407,entusiasmare,3
1408,leggero,3
1409,successo,3
1410,attualmente,3
1411,disperato,3
1412,né,3
1413,trasformare,3
1414,fiorire,3
1415,2017,3
1416,dinamico,3
1417,chiedersi,3
1418,documentare,3
1419,profondo,3
1420,capace,3
1421,complice,3
1422,mancanza,3
1423,intrappolare,3
1424,imporre,3
1425,fascinare,3
1426,parlato,3
1427,contemporaneità,3
1428,ritmare,3
1429,breve,3
1430,ammazzare,3
1431,auto,3
1432,indicare,3
1433,trafficare,3
1434,chirurgo,3
1435,medicare,3
1436,mosaico,3
1437,naturalmente,3
1438,spoiler,3
1439,puntualmente,3
1440,fisico,3
1441,passione,3
1442,vuol,3
1443,network,3
1444,razzista,3
1445,sex,3
1446,trascorrere,3
1447,proteggere,3
1448,impostare,3
1449,educatore,3
1450,tentare,3
1451,utile,3
1452,europeo,3
1453,evidenza,3
1454,infinito,3
1455,orchestrare,3
1456,terminare,3
1457,relazionali,3
1458,neoconnessi,3
1459,iniziativa,3
1460,roba,3
1461,investitore,3
1462,spuntare,3
1463,informazione,3
1464,operare,3
1465,maggioranza,3
1466,risultare,3
1467,hong,3
1468,tokyo,3
1469,scendere,3
1470,ottant,3
1471,pescatore,3
1472,busan,3
1473,emigrare,3
1474,osaka,3
1475,mandare,3
1476,autrice,3
1477,trilingue,3
1478,emozionare,3
1479,prepotenza,3
1480,sacrificio,3
1481,abbandonare,3
1482,migrare,3
1483,suggestione,3
1484,74,3
1485,toccare,3
1486,preparato,3
1487,cadere,3
1488,premiato,3
1489,nomination,3
1490,rivolgere,3
1491,cucinare,3
1492,nullo,3
1493,sospirare,3
1494,49,3
1495,sketch,3
1496,dibattito,3
1497,sag,3
1498,ritirare,3
1499,naturale,3
1500,set,3
1501,immobile,3
1502,stupire,3
1503,disparità,3
1504,adottare,3
1505,sportivo,3
1506,codice,3
1507,mettermi,3
1508,city,3
1509,indietro,3
1510,divertito,3
1511,melodramma,3
1512,vent,3
1513,compitare,3
1514,snodare,3
1515,spaziare,3
1516,www,3
1517,occupare,3
1518,18,3
1519,completare,3
1520,urbano,3
1521,metro,3
1522,corso,3
1523,de,3
1524,meccanismo,3
1525,mito,3
1526,davide,3
1527,indurre,3
1528,cattivo,3
1529,convinto,3
1530,anch,3
1531,evoluzione,3
1532,sponda,3
1533,inedito,3
1534,eliminare,3
1535,divenire,3
1536,cioè,3
1537,talmente,3
1538,spopolare,3
1539,tik,3
1540,tok,3
1541,opera,3
1542,tendere,3
1543,coda,3
1544,accaparrarsi,3
1545,neppure,3
1546,altezza,3
1547,scritturare,3
1548,song,3
1549,volare,3
1550,santo,3
1551,doroteo,3
1552,novara,3
1553,altrimenti,3
1554,scacco,3
1555,ui,3
1556,zona,3
1557,visitare,3
1558,giustiziare,3
1559,mila,3
1560,lussare,3
1561,ideale,3
1562,faggiano,3
1563,proporzionale,3
1564,elettorale,3
1565,democrazia,3
1566,disco,3
1567,definire,3
1568,abbronzatura,3
1569,crema,3
1570,sorpassare,2
1571,servizio,2
1572,macabro,2
1573,rendendolo,2
1574,twittato,2
1575,confrontare,2
1576,regency,2
1577,metrico,2
1578,popolarissima,2
1579,nov,2
1580,contrabbandare,2
1581,averla,2
1582,caricato,2
1583,autorità,2
1584,forzato,2
1585,licenziato,2
1586,miniera,2
1587,regime,2
1588,pensiero,2
1589,reazionario,2
1590,divulgazione,2
1591,materiale,2
1592,provvedimento,2
1593,scopare,2
1594,diffusione,2
1595,dic,2
1596,reporter,2
1597,ideatore,2
1598,kbs,2
1599,trattativa,2
1600,satira,2
1601,doppiaggio,2
1602,vederla,2
1603,sottotitolata,2
1604,co,2
1605,portarla,2
1606,benvenuto,2
1607,cnn,2
1608,distrutto,2
1609,commettere,2
1610,tirare,2
1611,giustiziato,2
1612,frontman,2
1613,armato,2
1614,squattrinato,2
1615,mantenere,2
1616,cho,2
1617,woo,2
1618,kang,2
1619,sae,2
1620,byeok,2
1621,riunire,2
1622,alare,2
1623,yeong,2
1624,pastello,2
1625,svolto,2
1626,telefonico,2
1627,ritrovato,2
1628,intenzione,2
1629,risolvere,2
1630,stress,2
1631,inviare,2
1632,abito,2
1633,restrizione,2
1634,tantissime,2
1635,preoccupazione,2
1636,inserire,2
1637,sushi,2
1638,interesse,2
1639,linguaggio,2
1640,scambiare,2
1641,boom,2
1642,trend,2
1643,popolazione,2
1644,alberta,2
1645,coppia,2
1646,modesto,2
1647,stand,2
1648,dopoguerra,2
1649,ritagliare,2
1650,forma,2
1651,caramellare,2
1652,incredibilmente,2
1653,riprodurre,2
1654,vedermi,2
1655,caramella,2
1656,sciogliere,2
1657,facilmente,2
1658,chae,2
1659,sottile,2
1660,bancarella,2
1661,teatro,2
1662,gamma,2
1663,60,2
1664,dolce,2
1665,venduto,2
1666,esorbitare,2
1667,amaro,2
1668,allestire,2
1669,chiusura,2
1670,national,2
1671,aspettativa,2
1672,felice,2
1673,finalmente,2
1674,mouat,2
1675,british,2
1676,venerdì,2
1677,fortunato,2
1678,assaggiare,2
1679,pattinaggio,2
1680,velocità,2
1681,misura,2
1682,struttura,2
1683,giovanile,2
1684,ospitare,2
1685,06,2
1686,maggie,2
1687,elena,2
1688,ferrare,2
1689,tabù,2
1690,circondare,2
1691,assieme,2
1692,inconsueto,2
1693,passing,2
1694,harlem,2
1695,jonas,2
1696,carpignano,2
1697,coproduzione,2
1698,svedese,2
1699,calabrese,2
1700,lost,2
1701,daughter,2
1702,spiaggia,2
1703,turbato,2
1704,rapportare,2
1705,sgomentare,2
1706,anticonformista,2
1707,special,2
1708,dave,2
1709,difendere,2
1710,libertà,2
1711,attivista,2
1712,assassinare,2
1713,acronimo,2
1714,necessità,2
1715,wall,2
1716,rimuovere,2
1717,ten,2
1718,epico,2
1719,azionista,2
1720,abbonato,2
1721,02,2
1722,manifestare,2
1723,clima,2
1724,cop26,2
1725,glasgow,2
1726,ambientalista,2
1727,pallone,2
1728,raffigurare,2
1729,emulazione,2
1730,ospite,2
1731,speciale,2
1732,proseguire,2
1733,ristorare,2
1734,piazzare,2
1735,morale,2
1736,motivo,2
1737,toscano,2
1738,buon,2
1739,progetto,2
1740,consigliare,2
1741,regione,2
1742,attentare,2
1743,stimolare,2
1744,parlarne,2
1745,rivoluzione,2
1746,favorire,2
1747,apprendere,2
1748,apprendimento,2
1749,chissà,2
1750,selezione,2
1751,italki,2
1752,compiere,2
1753,individuo,2
1754,abbastanza,2
1755,eco,2
1756,nordico,2
1757,crime,2
1758,distare,2
1759,scontrare,2
1760,assicurare,2
1761,gallare,2
1762,giusto,2
1763,livellare,2
1764,ottimo,2
1765,preciso,2
1766,paris,2
1767,ventenne,2
1768,affatto,2
1769,regnare,2
1770,accentare,2
1771,marcare,2
1772,robot,2
1773,robotico,2
1774,intimare,2
1775,pace,2
1776,presentare,2
1777,marzo,2
1778,composto,2
1779,kogonada,2
1780,radicalmente,2
1781,indubbiamente,2
1782,straordinario,2
1783,previsione,2
1784,contrapporre,2
1785,vestire,2
1786,jeon,2
1787,lanciato,2
1788,privo,2
1789,raccogliere,2
1790,invitato,2
1791,grado,2
1792,primario,2
1793,fragile,2
1794,sottolineare,2
1795,vecchio,2
1796,principiare,2
1797,bangtan,2
1798,forbes,2
1799,discografico,2
1800,big,2
1801,profondamente,2
1802,ndr,2
1803,esporre,2
1804,collaborazione,2
1805,music,2
1806,là,2
1807,innumerevole,2
1808,suicidio,2
1809,2000,2
1810,wonder,2
1811,girls,2
1812,2012,2
1813,affacciare,2
1814,arrivo,2
1815,salare,2
1816,luglio,2
1817,eternare,2
1818,ja,2
1819,carenza,2
1820,gentile,2
1821,ballare,2
1822,approccio,2
1823,percepire,2
1824,fugare,2
1825,campione,2
1826,scenografia,2
1827,vociare,2
1828,tecnologia,2
1829,chiuso,2
1830,regolamentare,2
1831,internare,2
1832,21,2
1833,inquietare,2
1834,labirintico,2
1835,architettare,2
1836,cenare,2
1837,stile,2
1838,hotel,2
1839,falla,2
1840,pirata,2
1841,copiare,2
1842,contrariare,2
1843,inizio,2
1844,ishimaro,2
1845,fondatore,2
1846,press,2
1847,consentire,2
1848,evidenziare,2
1849,territorio,2
1850,washington,2
1851,natale,2
1852,2018,2
1853,trasferirsi,2
1854,24,2
1855,choi,2
1856,missione,2
1857,to,2
1858,ipoteso,2
1859,campagna,2
1860,esistenza,2
1861,global,2
1862,ambassador,2
1863,collocarlo,2
1864,mantella,2
1865,immaginarla,2
1866,macchiato,2
1867,capello,2
1868,caschetto,2
1869,arruffato,2
1870,accigliare,2
1871,acclamatissima,2
1872,giocatrice,2
1873,067,2
1874,testimonial,2
1875,nicolas,2
1876,ghesquière,2
1877,istantaneamente,2
1878,talentare,2
1879,fantastico,2
1880,capitolare,2
1881,27enne,2
1882,attivo,2
1883,passerella,2
1884,tory,2
1885,burch,2
1886,giambattista,2
1887,vallo,2
1888,schiaparelli,2
1889,contattare,2
1890,indizio,2
1891,shopping,2
1892,lyst,2
1893,retro,2
1894,calzatura,2
1895,on,2
1896,vans,2
1897,gettonare,2
1898,incrementare,2
1899,145,2
1900,numerato,2
1901,capo,2
1902,130,2
1903,roso,2
1904,62,2
1905,horror,2
1906,riflessione,2
1907,bicchiere,2
1908,fondere,2
1909,jazz,2
1910,legnare,2
1911,godere,2
1912,shonda,2
1913,rhimes,2
1914,catturare,2
1915,carpet,2
1916,telecamera,2
1917,visibilmente,2
1918,puntandosi,2
1919,tempia,2
1920,fase,2
1921,concretizzera,2
1922,tormentone,2
1923,medesimo,2
1924,takami,2
1925,culto,2
1926,irlandese,2
1927,pubg,2
1928,trasformarsi,2
1929,veloce,2
1930,frattempo,2
1931,domandarsi,2
1932,salvare,2
1933,amicare,2
1934,single,2
1935,scappare,2
1936,carissimo,2
1937,terrificare,2
1938,spaccatura,2
1939,rivelato,2
1940,puntuale,2
1941,economicus,2
1942,sapiens,2
1943,sung,2
1944,ae,2
1945,macquarie,2
1946,ideologia,2
1947,neoliberale,2
1948,esserne,2
1949,kyng,2
1950,college,2
1951,mentalità,2
1952,subitaneo,2
1953,egoismo,2
1954,altruismo,2
1955,cortile,2
1956,sadico,2
1957,pessimistico,2
1958,cruento,2
1959,colonizzazione,2
1960,quarant,2
1961,dittatura,2
1962,infine,2
1963,mazzata,2
1964,cicatrice,2
1965,dilaniare,2
1966,regolamentazione,2
1967,precariato,2
1968,acuirsi,2
1969,seppur,2
1970,seriale,2
1971,audience,2
1972,gangam,2
1973,incentrare,2
1974,aspetto,2
1975,ammazzarsi,2
1976,divino,2
1977,provvidenza,2
1978,verità,2
1979,novanta,2
1980,bastione,2
1981,nazione,2
1982,esplodere,2
1983,lancio,2
1984,attuale,2
1985,intruppati,2
1986,iper,2
1987,branco,2
1988,dimezzare,2
1989,reintegrare,2
1990,quotidianità,2
1991,immolazione,2
1992,finanziare,2
1993,centers,2
1994,essenzialmente,2
1995,egoista,2
1996,ammissibile,2
1997,nascosto,2
1998,cappuccio,2
1999,recare,2
2000,gerarchia,2
2001,poveraccio,2
2002,clandestino,2
2003,organo,2
2004,estratto,2
2005,rivelatore,2
2006,brutale,2
2007,luis,2
2008,buñuel,2
2009,pedina,2
2010,animalesco,2
2011,ricoprire,2
2012,spiare,2
2013,massacrare,2
2014,godimento,2
2015,eu,2
2016,kids,2
2017,possedere,2
2018,sorella,2
2019,ritornare,2
2020,costruire,2
2021,didattico,2
2022,locale,2
2023,domanda,2
2024,vaio,2
2025,rialzare,2
2026,capacità,2
2027,abilità,2
2028,insistere,2
2029,collego,2
2030,rafforzare,2
2031,fiducia,2
2032,garante,2
2033,privacy,2
2034,applicazione,2
2035,filtro,2
2036,visualizzare,2
2037,privato,2
2038,altronde,2
2039,protezione,2
2040,g,2
2041,consiglio,2
2042,indicazione,2
2043,modalità,2
2044,appuntamento,2
2045,abusare,2
2046,windtre,2
2047,kit,2
2048,modello,2
2049,solidarietà,2
2050,borsa,2
2051,muovere,2
2052,56,2
2053,abbonamento,2
2054,84,2
2055,previsto,2
2056,book,2
2057,manodopera,2
2058,incertezza,2
2059,variare,2
2060,calere,2
2061,appletv,2
2062,limitare,2
2063,miracoloso,2
2064,lineare,2
2065,avanzato,2
2066,oriente,2
2067,incarnare,2
2068,generosità,2
2069,determinazione,2
2070,professione,2
2071,onestà,2
2072,suscitare,2
2073,1924,2
2074,obbligare,2
2075,vergognare,2
2076,prezioso,2
2077,chiesto,2
2078,coraggio,2
2079,sentito,2
2080,oceano,2
2081,confronto,2
2082,appartenere,2
2083,minoranza,2
2084,risapere,2
2085,tavola,2
2086,brad,2
2087,pitt,2
2088,congratulare,2
2089,ondata,2
2090,bertolucci,2
2091,criticare,2
2092,improvvisamente,2
2093,piuttosto,2
2094,definizione,2
2095,ritirarmi,2
2096,sollievo,2
2097,cimare,2
2098,compenso,2
2099,torneare,2
2100,saturday,2
2101,night,2
2102,pete,2
2103,davidson,2
2104,ramo,2
2105,malek,2
2106,country,2
2107,grand,2
2108,guignol,2
2109,disuguaglianza,2
2110,convivere,2
2111,rinunciare,2
2112,première,2
2113,rimare,2
2114,esserci,2
2115,malinteso,2
2116,dichiarare,2
2117,crollare,2
2118,progresso,2
2119,perdersi,2
2120,settanta,2
2121,torneo,2
2122,risata,2
2123,piare,2
2124,light,2
2125,sorpreso,2
2126,bambola,2
2127,parodia,2
2128,trascendenza,2
2129,rito,2
2130,buttare,2
2131,addossare,2
2132,affascinare,2
2133,premettere,2
2134,ricompensare,2
2135,38,2
2136,egemonia,2
2137,leale,2
2138,famigerato,2
2139,colpa,2
2140,chiedermi,2
2141,camminare,2
2142,emergere,2
2143,consacrazione,2
2144,rising,2
2145,1998,2
2146,costanza,2
2147,remake,2
2148,keanu,2
2149,reeves,2
2150,sandra,2
2151,bullock,2
2152,masterclass,2
2153,orgoglioso,2
2154,deliver,2
2155,us,2
2156,evil,2
2157,hunt,2
2158,sperimentare,2
2159,ingrato,2
2160,conversare,2
2161,11,2
2162,omaggio,2
2163,documentario,2
2164,largire,2
2165,massa,2
2166,parallelo,2
2167,assegnato,2
2168,cinquina,2
2169,succession,2
2170,morning,2
2171,disperare,2
2172,apparentemente,2
2173,fama,2
2174,modificare,2
2175,rassicurare,2
2176,lambretta,2
2177,rubattino,2
2178,squadra,2
2179,animatore,2
2180,sciare,2
2181,destro,2
2182,vittoria,2
2183,olimpiadigiochidistrada,2
2184,it,2
2185,scorso,2
2186,estate,2
2187,37,2
2188,lungometraggio,2
2189,dimostrare,2
2190,made,2
2191,cartellone,2
2192,movie,2
2193,that,2
2194,pazzo,2
2195,emotivo,2
2196,spolverare,2
2197,esotismo,2
2198,perfettamente,2
2199,concepire,2
2200,suspense,2
2201,orologeria,2
2202,giustificare,2
2203,invadere,2
2204,occidente,2
2205,impiantire,2
2206,tragico,2
2207,brillo,2
2208,anzi,2
2209,settimo,2
2210,robert,2
2211,sheckley,2
2212,elio,2
2213,petri,2
2214,mastroianni,2
2215,ursula,2
2216,andress,2
2217,flaiano,2
2218,sino,2
2219,titano,2
2220,philip,2
2221,dick,2
2222,quintet,2
2223,altman,2
2224,mela,2
2225,marcio,2
2226,collinson,2
2227,paul,2
2228,auster,2
2229,perversione,2
2230,tratto,2
2231,alieno,2
2232,noia,2
2233,sproporzione,2
2234,crudeltà,2
2235,riedizione,2
2236,golia,2
2237,schierarci,2
2238,giovanetto,2
2239,fionda,2
2240,mostruoso,2
2241,ombra,2
2242,dimenticare,2
2243,sovente,2
2244,avidità,2
2245,difettuccio,2
2246,sollecitamente,2
2247,protervia,2
2248,nemico,2
2249,tradizione,2
2250,imbattibile,2
2251,subentrare,2
2252,formidabile,2
2253,sintonia,2
2254,autenticare,2
2255,schema,2
2256,ignaro,2
2257,miraggio,2
2258,arricchimento,2
2259,individuare,2
2260,spalla,2
2261,murare,2
2262,declinare,2
2263,controllore,2
2264,vibrare,2
2265,venare,2
2266,anarcoide,2
2267,brecht,2
2268,rapinare,2
2269,fondarne,2
2270,assentire,2
2271,breaking,2
2272,bad,2
2273,walter,2
2274,white,2
2275,reinventare,2
2276,narcotrafficante,2
2277,sbattere,2
2278,bravo,2
2279,onesto,2
2280,virtuoso,2
2281,cancro,2
2282,assicurazione,2
2283,mangiare,2
2284,humus,2
2285,metafora,2
2286,cristallizzato,2
2287,castale,2
2288,qualunque,2
2289,ascensore,2
2290,allontanarsi,2
2291,minimale,2
2292,relativo,2
2293,stabilità,2
2294,regolamento,2
2295,burocrazia,2
2296,acuire,2
2297,albuquerque,2
2298,valido,2
2299,annientamento,2
2300,comprensivo,2
2301,diramare,2
2302,sensibilizzare,2
2303,laddove,2
2304,filtrare,2
2305,evitare,2
2306,ricostruire,2
2307,divulgare,2
2308,reel,2
2309,dispensare,2
2310,calcio,2
2311,pugno,2
2312,entropy,2
2313,iraniano,2
2314,scuro,2
2315,nevrosi,2
2316,dettagliare,2
2317,magico,2
2318,mutare,2
2319,rupe,2
2320,detenere,2
2321,pochissimo,2
2322,fumetto,2
2323,sebbene,2
2324,golden,2
2325,globe,2
2326,ibrido,2
2327,comunque,2
2328,diritto,2
2329,danno,2
2330,inclusività,2
2331,giornalista,2
2332,avvenire,2
2333,sessanta,2
2334,favorito,2
2335,frotta,2
2336,telespettatore,2
2337,agitare,2
2338,emulo,2
2339,rouge,2
2340,disposto,2
2341,450,2
2342,canna,2
2343,cimentarsi,2
2344,bonario,2
2345,appianare,2
2346,voragine,2
2347,penitenza,2
2348,prestazione,2
2349,sommergere,2
2350,cambiale,2
2351,scommettitore,2
2352,rovinare,2
2353,angosciare,2
2354,arno,2
2355,finto,2
2356,piede,2
2357,36,2
2358,segretario,2
2359,allarmatie,2
2360,cerchiare,2
2361,preadolescenti,2
2362,educativo,2
2363,denuncia,2
2364,piemonte,2
2365,torino,2
2366,ceffone,2
2367,reo,2
2368,punizione,2
2369,analogo,2
2370,ripetuto,2
2371,chat,2
2372,spintonarsi,2
2373,prendersi,2
2374,schiaffo,2
2375,daniele,2
2376,pedagogista,2
2377,dad,2
2378,arrendere,2
2379,spettacolo,2
2380,invertire,2
2381,avviare,2
2382,cioccolato,2
2383,anticipare,2
2384,decennio,2
2385,improbabile,2
2386,facezia,2
2387,tizio,2
2388,4mila,2
2389,risarcirlo,2
2390,segnale,2
2391,irruzione,2
2392,annunciarla,2
2393,strascicare,2
2394,ostrica,2
2395,perla,2
2396,prim,2
2397,tarantino,2
2398,kill,2
2399,bill,2
2400,vagire,2
2401,anima,2
2402,recapitare,2
2403,trasportare,2
2404,sconoscere,2
2405,palare,2
2406,sbandare,2
2407,ludopatico,2
2408,allegoria,2
2409,tranciare,2
2410,ricchissimi,2
2411,avvertenza,2
2412,dose,2
2413,improvvisare,2
2414,sedia,2
2415,animo,2
2416,sensibile,2
2417,iphone,2
2418,serial,2
2419,letterale,2
2420,rapidità,2
2421,piombare,2
2422,trascorso,2
2423,settore,2
2424,leggendario,2
2425,televisione,2
2426,ovvio,2
2427,precisione,2
2428,pullover,2
2429,esaurire,2
2430,spartire,2
2431,risiko,2
2432,quotare,2
2433,lvmh,2
2434,kering,2
2435,sodalizio,2
2436,contratto,2
2437,make,2
2438,up,2
2439,incisivo,2
2440,riconoscibile,2
2441,combinato,2
2442,214,2
2443,popstar,2
2444,styling,2
2445,veicolare,2
2446,parigino,2
2447,andazzo,2
2448,giardino,2
2449,tuileries,2
2450,invaso,2
2451,curioso,2
2452,francia,2
2453,torre,2
2454,eiffel,2
2455,idem,2
2456,monopolizzare,2
2457,security,2
2458,nessun,2
2459,follare,2
2460,inequivocabile,2
2461,like,2
2462,solido,2
2463,efficacia,2
2464,partnership,2
2465,launchmetrics,2
2466,miniabito,2
2467,defilé,2
2468,celebrity,2
2469,2536,2
2470,menzione,2
2471,tabellone,2
2472,cassare,2
2473,treno,2
2474,intoppare,2
2475,intitolare,2
2476,strappare,2
2477,bordo,2
2478,neolingua,2
2479,lettore,2
2480,direttamente,2
2481,testo,2
2482,esposto,2
2483,inciucio,2
2484,partito,2
2485,coalizione,2
2486,governo,2
2487,ideologico,2
2488,populista,2
2489,vintage,2
2490,romano,2
2491,maglietta,2
2492,joong,2
2493,paradigma,2
2494,agenzia,2
2495,analizzare,2
2496,cosmetico,2
2497,antietà,2
2498,vacanza,2
2499,bagnare,2
2500,dizi,2
2501,giudicato,1
2502,inverosimile,1
2503,emirato,1
2504,arabo,1
2505,brasile,1
2506,lituania,1
2507,amministratore,1
2508,delegare,1
2509,renderla,1
2510,legame,1
2511,koren,1
2512,barcamenare,1
2513,onirico,1
2514,citazione,1
2515,agatha,1
2516,christie,1
2517,eyes,1
2518,wide,1
2519,shut,1
2520,kubrick,1
2521,spruzzare,1
2522,devastare,1
2523,subito,1
2524,sogno,1
2525,battersi,1
2526,corretto,1
2527,infantile,1
2528,fune,1
2529,manco,1
2530,jackpot,1
2531,carnefice,1
2532,mitra,1
2533,incappucciare,1
2534,ludopata,1
2535,quarantenne,1
2536,compatire,1
2537,hae,1
2538,operatore,1
2539,derubare,1
2540,profugo,1
2541,generoso,1
2542,immigrare,1
2543,pachistano,1
2544,abdul,1
2545,anupam,1
2546,tripathi,1
2547,replica,1
2548,fanfiction,1
2549,inconveniente,1
2550,sfortunato,1
2551,scherzo,1
2552,fan,1
2553,calmo,1
2554,dente,1
2555,entusiasta,1
2556,valutare,1
2557,seguitissima,1
2558,piu,1
2559,fayetteville,1
2560,manlius,1
2561,email,1
2562,syracuse,1
2563,potenziale,1
2564,inappropriato,1
2565,mott,1
2566,road,1
2567,elementary,1
2568,school,1
2569,soddisfare,1
2570,linea,1
2571,letteralmente,1
2572,rendendola,1
2573,05,1
2574,pezzo,1
2575,bretagna,1
2576,ufficiale,1
2577,bibbia,1
2578,bbc,1
2579,kimbap,1
2580,bulgogi,1
2581,piatto,1
2582,carne,1
2583,manzo,1
2584,maiale,1
2585,astratto,1
2586,hallyu,1
2587,linguista,1
2588,dizionario,1
2589,inventare,1
2590,contesto,1
2591,introdurre,1
2592,permettere,1
2593,incresparsi,1
2594,jooh,1
2595,report,1
2596,rifugiato,1
2597,52,1
2598,nominato,1
2599,orologio,1
2600,next,1
2601,2016,1
2602,marc,1
2603,jacobs,1
2604,rag,1
2605,bone,1
2606,ferretti,1
2607,max,1
2608,mara,1
2609,affrettare,1
2610,biscottare,1
2611,revival,1
2612,oscurare,1
2613,frangia,1
2614,sfogliare,1
2615,croccante,1
2616,bastoncino,1
2617,romperlo,1
2618,immediatamente,1
2619,inventivo,1
2620,esitare,1
2621,allentare,1
2622,ago,1
2623,riscaldare,1
2624,dubbioso,1
2625,tagliare,1
2626,umido,1
2627,direttore,1
2628,kyung,1
2629,specialista,1
2630,venuto,1
2631,chang,1
2632,joo,1
2633,soon,1
2634,300,1
2635,afp,1
2636,situare,1
2637,desiderabile,1
2638,accalcare,1
2639,locare,1
2640,rivendere,1
2641,arrendersi,1
2642,vuoto,1
2643,impiegare,1
2644,sodio,1
2645,mestolo,1
2646,fornello,1
2647,pasta,1
2648,desiderare,1
2649,pasticcere,1
2650,vasto,1
2651,recentemente,1
2652,frenetico,1
2653,commerciare,1
2654,apparso,1
2655,predare,1
2656,gelare,1
2657,cioccolatino,1
2658,scarso,1
2659,sentore,1
2660,noci,1
2661,deliziare,1
2662,venditore,1
2663,cucire,1
2664,1997,1
2665,premoderno,1
2666,metodo,1
2667,preservare,1
2668,sacrificare,1
2669,michael,1
2670,hurt,1
2671,teoria,1
2672,xinhua,1
2673,inaugurazione,1
2674,accrescere,1
2675,bruce,1
2676,britannico,1
2677,curling,1
2678,olympic,1
2679,association,1
2680,maschile,1
2681,jen,1
2682,dodds,1
2683,misto,1
2684,test,1
2685,chino,1
2686,open,1
2687,miro,1
2688,lodare,1
2689,pattinatore,1
2690,rigido,1
2691,attrezzato,1
2692,sistematico,1
2693,immenso,1
2694,bellissima,1
2695,campionessa,1
2696,isabel,1
2697,grevelt,1
2698,pista,1
2699,pattinare,1
2700,qualità,1
2701,ghiacciare,1
2702,yang,1
2703,binyu,1
2704,medaglia,1
2705,delegazione,1
2706,mass,1
2707,start,1
2708,losanna,1
2709,onorato,1
2710,mediare,1
2711,07,1
2712,jessie,1
2713,buckley,1
2714,dakota,1
2715,johnson,1
2716,sarsgaard,1
2717,località,1
2718,ossessivamente,1
2719,chiassoso,1
2720,sopraffare,1
2721,smarrimento,1
2722,intensità,1
2723,maternità,1
2724,impulsivo,1
2725,catapultare,1
2726,minaccioso,1
2727,consecutivo,1
2728,leone,1
2729,nomadland,1
2730,chloé,1
2731,zhao,1
2732,biennale,1
2733,bufera,1
2734,scioperare,1
2735,picchetto,1
2736,sunset,1
2737,boulevard,1
2738,mea,1
2739,culpa,1
2740,ceo,1
2741,colosso,1
2742,sbagliare,1
2743,sforzo,1
2744,staff,1
2745,palinsesto,1
2746,ridire,1
2747,offensivo,1
2748,lbgqt,1
2749,preoccupato,1
2750,citandone,1
2751,impegnare,1
2752,affilato,1
2753,mordere,1
2754,executive,1
2755,esprimere,1
2756,discutibile,1
2757,negativo,1
2758,nocivo,1
2759,teso,1
2760,contraddire,1
2761,human,1
2762,rights,1
2763,campaign,1
2764,44,1
2765,paragonare,1
2766,ridere,1
2767,dipingere,1
2768,civile,1
2769,identificarsi,1
2770,terf,1
2771,exclusionary,1
2772,radical,1
2773,feminist,1
2774,sostenere,1
2775,assegnare,1
2776,veramente,1
2777,journal,1
2778,difensivo,1
2779,parametro,1
2780,basandosi,1
2781,indicatore,1
2782,stagnare,1
2783,raddoppiare,1
2784,sottoscrittore,1
2785,ispirandosi,1
2786,celebre,1
2787,pro,1
2788,riandare,1
2789,fiume,1
2790,clyde,1
2791,blindato,1
2792,off,1
2793,limits,1
2794,inscenare,1
2795,impersonare,1
2796,intento,1
2797,lanciarsi,1
2798,striscione,1
2799,solamente,1
2800,maggiorenne,1
2801,dispiacere,1
2802,diversificazione,1
2803,rivolto,1
2804,considerato,1
2805,frescobaldi,1
2806,signoria,1
2807,aggressione,1
2808,youtuber,1
2809,telefilm,1
2810,correggere,1
2811,incitare,1
2812,particolarmente,1
2813,capoluogo,1
2814,apprezzare,1
2815,architettura,1
2816,auspicare,1
2817,inghilterra,1
2818,mecca,1
2819,negare,1
2820,antonio,1
2821,mazzeo,1
2822,pegaso,1
2823,bandiera,1
2824,snob,1
2825,vezzo,1
2826,anglosassone,1
2827,magari,1
2828,binge,1
2829,watching,1
2830,ossia,1
2831,sostare,1
2832,fruire,1
2833,moltissimo,1
2834,orecchiare,1
2835,alimentare,1
2836,ispirarvi,1
2837,supportare,1
2838,community,1
2839,madrelingua,1
2840,idioma,1
2841,comodamente,1
2842,divano,1
2843,allettare,1
2844,fruirla,1
2845,hangul,1
2846,alfabeto,1
2847,lezione,1
2848,funzionare,1
2849,karen,1
2850,collegare,1
2851,gio,1
2852,bordertown,1
2853,gustare,1
2854,ispettore,1
2855,sorjonen,1
2856,trasferitosi,1
2857,confine,1
2858,russia,1
2859,neve,1
2860,silenziare,1
2861,dimestichezza,1
2862,tenervi,1
2863,attaccato,1
2864,juho,1
2865,germania,1
2866,scomparso,1
2867,widen,1
2868,borgo,1
2869,mistero,1
2870,intimamente,1
2871,guardarla,1
2872,conversazione,1
2873,essenziale,1
2874,intreccio,1
2875,furto,1
2876,zecca,1
2877,banda,1
2878,rapinatore,1
2879,gustarvi,1
2880,giungere,1
2881,rispolverare,1
2882,paula,1
2883,professoressa,1
2884,trasferire,1
2885,inaspettato,1
2886,esportare,1
2887,filiale,1
2888,adatto,1
2889,mostrarci,1
2890,professionale,1
2891,pluripremiata,1
2892,elisabetta,1
2893,ii,1
2894,matrimonio,1
2895,1947,1
2896,immergersi,1
2897,very,1
2898,ottimare,1
2899,banco,1
2900,2029,1
2901,integrare,1
2902,caos,1
2903,chicca,1
2904,notevolmente,1
2905,feb,1
2906,america,1
2907,indimenticabile,1
2908,perdita,1
2909,anteprima,1
2910,svelare,1
2911,trailer,1
2912,settimanale,1
2913,venerdi,1
2914,bestseller,1
2915,terror,1
2916,killing,1
2917,justin,1
2918,chon,1
2919,esecutivo,1
2920,pilot,1
2921,antenato,1
2922,tributare,1
2923,sepolto,1
2924,troupe,1
2925,dotato,1
2926,1900,1
2927,matriarca,1
2928,solomon,1
2929,casto,1
2930,minho,1
2931,hansu,1
2932,salomone,1
2933,minha,1
2934,anna,1
2935,sawai,1
2936,naomi,1
2937,eunchae,1
2938,kyunghee,1
2939,inji,1
2940,jeong,1
2941,yangjin,1
2942,jimmi,1
2943,simpson,1
2944,tom,1
2945,andrews,1
2946,junwoo,1
2947,yoseb,1
2948,kaho,1
2949,minami,1
2950,etsuko,1
2951,steve,1
2952,sanghyun,1
2953,noh,1
2954,isak,1
2955,soji,1
2956,arare,1
2957,mozasu,1
2958,yu,1
2959,na,1
2960,commissione,1
2961,adolescenza,1
2962,acclarata,1
2963,umiliazione,1
2964,vedersi,1
2965,coetaneo,1
2966,sessuale,1
2967,maestro,1
2968,proposito,1
2969,concreto,1
2970,censorio,1
2971,sconfitto,1
2972,parental,1
2973,control,1
2974,genitorialità,1
2975,débâcle,1
2976,nudo,1
2977,amichetta,1
2978,rovesciare,1
2979,aulire,1
2980,testimonianza,1
2981,dilagare,1
2982,suggerire,1
2983,micidiale,1
2984,denunciare,1
2985,soluzione,1
2986,referente,1
2987,censurare,1
2988,storcere,1
2989,naso,1
2990,strumentare,1
2991,difeso,1
2992,incolumità,1
2993,rm,1
2994,suga,1
2995,hope,1
2996,ji,1
2997,v,1
2998,kook,1
2999,album,1
3000,taylor,1
3001,swift,1
3002,billie,1
3003,eilish,1
3004,ariano,1
3005,azionario,1
3006,etichettare,1
3007,entertainment,1
3008,hybe,1
3009,68,1
3010,385,1
3011,ciascun,1
3012,emissione,1
3013,cantare,1
3014,pseudonimo,1
3015,fabio,1
3016,demofonti,1
3017,snoop,1
3018,dogg,1
3019,filippino,1
3020,bassilyo,1
3021,avvicinarsi,1
3022,stimolo,1
3023,invasare,1
3024,tantissimi,1
3025,intenso,1
3026,trainee,1
3027,wave,1
3028,respirare,1
3029,cartello,1
3030,maxi,1
3031,schermo,1
3032,negozio,1
3033,sottofondo,1
3034,radiofonico,1
3035,popular,1
3036,colossale,1
3037,89,1
3038,sparso,1
3039,113,1
3040,ascoltatore,1
3041,mensile,1
3042,spotify,1
3043,incalcolabile,1
3044,concerto,1
3045,organizzato,1
3046,varo,1
3047,continente,1
3048,vinto,1
3049,billaboard,1
3050,dynamite,1
3051,capodanno,1
3052,186,1
3053,iu,1
3054,inserito,1
3055,influire,1
3056,profilo,1
3057,lalisa,1
3058,influencer,1
3059,twitter,1
3060,infrangere,1
3061,cinguettio,1
3062,hashtag,1
3063,altissima,1
3064,competitività,1
3065,testimoniare,1
3066,giovanissime,1
3067,ascendere,1
3068,decadere,1
3069,2ne1,1
3070,bigbang,1
3071,junior,1
3072,generations,1
3073,apripripista,1
3074,esplosione,1
3075,molteplice,1
3076,exo,1
3077,twice,1
3078,itzy,1
3079,aespa,1
3080,stray,1
3081,kidz,1
3082,ateez,1
3083,got7,1
3084,iz,1
3085,sciolto,1
3086,affermatissimi,1
3087,sunmi,1
3088,somi,1
3089,eric,1
3090,concertare,1
3091,positività,1
3092,energia,1
3093,allegria,1
3094,vitalità,1
3095,talent,1
3096,sanremo,1
3097,2009,1
3098,fortuna,1
3099,certain,1
3100,regard,1
3101,pier,1
3102,aiello,1
3103,pfa,1
3104,emme,1
3105,privare,1
3106,volubilità,1
3107,orrore,1
3108,ventisette,1
3109,bin,1
3110,evidente,1
3111,intellettivo,1
3112,ubriacare,1
3113,studentessa,1
3114,coincidenza,1
3115,polizia,1
3116,cialtrone,1
3117,opportunista,1
3118,confesso,1
3119,erba,1
3120,medicinale,1
3121,agopuntura,1
3122,mollare,1
3123,accadimento,1
3124,bravura,1
3125,incipit,1
3126,granire,1
3127,caspar,1
3128,david,1
3129,frederich,1
3130,contempo,1
3131,irritare,1
3132,sentimento,1
3133,avvicinare,1
3134,esplorarla,1
3135,peculiare,1
3136,funzionale,1
3137,spingerla,1
3138,giuria,1
3139,profondità,1
3140,cuore,1
3141,palla,1
3142,verso,1
3143,déjà,1
3144,vu,1
3145,edenlandia,1
3146,ascolto,1
3147,campiello,1
3148,exitus,1
3149,evadere,1
3150,23,1
3151,cacciare,1
3152,ruotare,1
3153,tono,1
3154,muralla,1
3155,roja,1
3156,disegnare,1
3157,ricardo,1
3158,bofill,1
3159,curiosità,1
3160,eccone,1
3161,rosita,1
3162,gangi,1
3163,neon,1
3164,strega,1
3165,zucca,1
3166,fantasma,1
3167,pacificare,1
3168,personalizzato,1
3169,compensare,1
3170,logo,1
3171,locandina,1
3172,hive,1
3173,domani,1
3174,planet,1
3175,31,1
3176,visual,1
3177,tratta,1
3178,oishi,1
3179,qc,1
3180,terme,1
3181,secret,1
3182,party,1
3183,universitario,1
3184,novembrediffusa,1
3185,eremita,1
3186,smontare,1
3187,news,1
3188,attendibile,1
3189,logicamente,1
3190,concettualmente,1
3191,interpellato,1
3192,sfruttare,1
3193,possesso,1
3194,piratati,1
3195,sigillare,1
3196,jiro,1
3197,rimjingang,1
3198,vigore,1
3199,contrariamente,1
3200,terrestre,1
3201,sporadico,1
3202,attraccare,1
3203,quarantena,1
3204,processo,1
3205,disinfezione,1
3206,royal,1
3207,united,1
3208,service,1
3209,institute,1
3210,effettuare,1
3211,operazione,1
3212,segretamente,1
3213,intero,1
3214,stringentissimo,1
3215,lockdown,1
3216,martyn,1
3217,ricercatore,1
3218,stimson,1
3219,articolare,1
3220,entrata,1
3221,arrestato,1
3222,perfino,1
3223,nemmeno,1
3224,uscita,1
3225,affacciato,1
3226,bouquet,1
3227,firmato,1
3228,gabriele,1
3229,muccino,1
3230,scianna,1
3231,morante,1
3232,valerio,1
3233,aprea,1
3234,emma,1
3235,marrone,1
3236,macchinare,1
3237,ambizioso,1
3238,responsabile,1
3239,chicago,1
3240,years,1
3241,reboot,1
3242,blue,1
3243,jeans,1
3244,ambientazione,1
3245,rileggere,1
3246,chiave,1
3247,montgomery,1
3248,alabama,1
3249,vigilia,1
3250,silent,1
3251,sea,1
3252,hang,1
3253,yong,1
3254,squadrare,1
3255,èlite,1
3256,lunare,1
3257,abbandonato,1
3258,atlantic,1
3259,two,1
3260,weeks,1
3261,archiviare,1
3262,thrones,1
3263,rifiutare,1
3264,spinoff,1
3265,arya,1
3266,stark,1
3267,maisie,1
3268,noakes,1
3269,strambo,1
3270,disadattato,1
3271,circostanza,1
3272,remoto,1
3273,rurale,1
3274,reclusione,1
3275,ernesto,1
3276,assante,1
3277,ah,1
3278,creatività,1
3279,diffidente,1
3280,annotare,1
3281,dreamcatcher,1
3282,fantasy,1
3283,gomma,1
3284,masticare,1
3285,alternare,1
3286,master,1
3287,maxischermo,1
3288,whisky,1
3289,ometto,1
3290,colorato,1
3291,fotografia,1
3292,suonato,1
3293,carillon,1
3294,figurina,1
3295,sembianza,1
3296,perfezione,1
3297,scatolare,1
3298,ghiotto,1
3299,opzione,1
3300,pagina,1
3301,translate,1
3302,informare,1
3303,salutare,1
3304,potermela,1
3305,duro,1
3306,giochino,1
3307,pulp,1
3308,macinare,1
3309,diventanto,1
3310,interrogare,1
3311,viralità,1
3312,guardatela,1
3313,abituarsi,1
3314,riga,1
3315,tipico,1
3316,matrice,1
3317,grosso,1
3318,disparato,1
3319,artificialmente,1
3320,altrui,1
3321,koushun,1
3322,1999,1
3323,suzanne,1
3324,collins,1
3325,stampa,1
3326,sostanzialmente,1
3327,fantascientifico,1
3328,brendan,1
3329,greene,1
3330,playerunknown,1
3331,battlegrounds,1
3332,bluehole,1
3333,sorprendentemente,1
3334,fortnite,1
3335,epic,1
3336,contagiare,1
3337,virus,1
3338,dna,1
3339,zombie,1
3340,ascoltarla,1
3341,ossessivo,1
3342,ripetitività,1
3343,carlo,1
3344,pizzati,1
3345,fotogramma,1
3346,gradimento,1
3347,fratello,1
3348,svogliato,1
3349,sorveglianza,1
3350,immergere,1
3351,sanguinoso,1
3352,surreale,1
3353,ingiustificato,1
3354,sovrapposizione,1
3355,sondaggio,1
3356,kaspersky,1
3357,educazione,1
3358,833,1
3359,bimbo,1
3360,intervistato,1
3361,distrazione,1
3362,osservarli,1
3363,accesso,1
3364,derivare,1
3365,banale,1
3366,tranquillamente,1
3367,rendendosi,1
3368,individuabile,1
3369,51,1
3370,disagiare,1
3371,13,1
3372,evidentemente,1
3373,quinquennio,1
3374,target,1
3375,divisivi,1
3376,odiare,1
3377,pornografia,1
3378,sexting,1
3379,sfociare,1
3380,cosiddetto,1
3381,extortion,1
3382,onnipresente,1
3383,bullismo,1
3384,sporcarsi,1
3385,appropriatezza,1
3386,prudenza,1
3387,saggezza,1
3388,immateriale,1
3389,distinguere,1
3390,falso,1
3391,appropriatamente,1
3392,verificare,1
3393,eventuale,1
3394,attacco,1
3395,maturare,1
3396,sporcandosi,1
3397,affiancandoli,1
3398,sessione,1
3399,esordire,1
3400,studiandole,1
3401,approfondendole,1
3402,twitch,1
3403,snapchat,1
3404,accogliere,1
3405,funzionalità,1
3406,sapersi,1
3407,orientare,1
3408,trascorrerci,1
3409,incappare,1
3410,patto,1
3411,acquisire,1
3412,dito,1
3413,tuttavia,1
3414,stabilire,1
3415,intendere,1
3416,granulari,1
3417,vietare,1
3418,estraneo,1
3419,messaggistica,1
3420,default,1
3421,soglia,1
3422,accedere,1
3423,servizo,1
3424,stabilito,1
3425,recepire,1
3426,richiesta,1
3427,funzione,1
3428,family,1
3429,link,1
3430,safety,1
3431,approfondire,1
3432,controllo,1
3433,collegamento,1
3434,moltissimi,1
3435,approfondito,1
3436,spendere,1
3437,calibrazione,1
3438,stringere,1
3439,accordare,1
3440,progressivo,1
3441,emancipazione,1
3442,presentarsi,1
3443,sguarnire,1
3444,implementarle,1
3445,percorso,1
3446,tool,1
3447,intervenire,1
3448,collaterale,1
3449,delicato,1
3450,tablet,1
3451,navigare,1
3452,autonomia,1
3453,risorsa,1
3454,magazine,1
3455,facebook,1
3456,articolo,1
3457,approfondimento,1
3458,offline,1
3459,senior,1
3460,nonno,1
3461,accessibile,1
3462,volerli,1
3463,positivo,1
3464,sparire,1
3465,dow,1
3466,jones,1
3467,nasdaq,1
3468,limare,1
3469,triumestrali,1
3470,nettare,1
3471,miglioramento,1
3472,polverizzare,1
3473,qualsisasi,1
3474,visualizzaizone,1
3475,penultimo,1
3476,netto,1
3477,213,1
3478,consensus,1
3479,trimestrale,1
3480,faro,1
3481,tesla,1
3482,collo,1
3483,bottiglia,1
3484,filiera,1
3485,beige,1
3486,fed,1
3487,rallentamento,1
3488,ritto,1
3489,interruzione,1
3490,catena,1
3491,approvvigionamento,1
3492,delta,1
3493,andamento,1
3494,consumo,1
3495,vendita,1
3496,livello,1
3497,scorta,1
3498,ralzo,1
3499,ftse,1
3500,mib,1
3501,92,1
3502,54,1
3503,705,1
3504,francoforte,1
3505,518,1
3506,avanzare,1
3507,222,1
3508,affare,1
3509,opa,1
3510,falck,1
3511,renewables,1
3512,mattinata,1
3513,listino,1
3514,prevalentemente,1
3515,kong,1
3516,shanghai,1
3517,valutario,1
3518,124,1
3519,yen,1
3520,spread,1
3521,btp,1
3522,bud,1
3523,stabile,1
3524,105,1
3525,rendimento,1
3526,decennale,1
3527,95,1
3528,bitcoin,1
3529,66mila,1
3530,tregua,1
3531,petrolio,1
3532,rialzo,1
3533,barile,1
3534,greggio,1
3535,wti,1
3536,76,1
3537,brent,1
3538,79,1
3539,riduzione,1
3540,34,1
3541,contrario,1
3542,contrasto,1
3543,siglare,1
3544,volerla,1
3545,rivedere,1
3546,sbalordire,1
3547,coloratissimo,1
3548,let,1
3549,for,1
3550,today,1
3551,grass,1
3552,roots,1
3553,piangere,1
3554,rokes,1
3555,shel,1
3556,shapiro,1
3557,mogol,1
3558,definitivamente,1
3559,ultrapop,1
3560,ambizione,1
3561,parto,1
3562,sobbarcarsi,1
3563,invasione,1
3564,rampantismo,1
3565,provocare,1
3566,disorientamento,1
3567,piemme,1
3568,imponenza,1
3569,snodo,1
3570,migrazione,1
3571,conflitto,1
3572,sopraffazione,1
3573,sociopolitiche,1
3574,adepto,1
3575,targare,1
3576,maneggiare,1
3577,facilità,1
3578,estro,1
3579,dintorno,1
3580,esotico,1
3581,emigrato,1
3582,sudocoreana,1
3583,vincerlo,1
3584,gioventù,1
3585,f,1
3586,abbracciare,1
3587,beh,1
3588,interpretarla,1
3589,dettaglio,1
3590,risvegliare,1
3591,background,1
3592,pigro,1
3593,ancor,1
3594,serialità,1
3595,fondamentale,1
3596,femminista,1
3597,sciovinista,1
3598,differire,1
3599,minimamente,1
3600,notare,1
3601,ingigantire,1
3602,apparire,1
3603,faccenda,1
3604,ricreare,1
3605,mitico,1
3606,green,1
3607,movimento,1
3608,trovarmi,1
3609,replicare,1
3610,hee,1
3611,culturalmente,1
3612,spassosissimi,1
3613,sottovalutare,1
3614,distopia,1
3615,augurare,1
3616,filosofico,1
3617,allargare,1
3618,round,1
3619,bambinesco,1
3620,controcorrente,1
3621,identificare,1
3622,microcosmo,1
3623,associato,1
3624,slogare,1
3625,concorrenza,1
3626,realistico,1
3627,fuso,1
3628,simpatia,1
3629,jooyoung,1
3630,shin,1
3631,fashion,1
3632,design,1
3633,ginnastico,1
3634,status,1
3635,abbigliamento,1
3636,comodo,1
3637,casual,1
3638,felpa,1
3639,privilegiare,1
3640,qual,1
3641,conciliare,1
3642,barare,1
3643,fortissimo,1
3644,perseguitare,1
3645,terribile,1
3646,riguardo,1
3647,rubare,1
3648,strozzino,1
3649,cappello,1
3650,recuperare,1
3651,passato,1
3652,sanare,1
3653,umorismo,1
3654,curiosare,1
3655,direzione,1
3656,dogma,1
3657,naturalezza,1
3658,osservazione,1
3659,mestiere,1
3660,crew,1
3661,ampliare,1
3662,orizzonte,1
3663,barbaro,1
3664,gabbrielli,1
3665,divo,1
3666,atterrare,1
3667,ventesimo,1
3668,movies,1
3669,caterina,1
3670,liverani,1
3671,luceri,1
3672,roadmovie,1
3673,heaven,1
3674,land,1
3675,happiness,1
3676,im,1
3677,mediateca,1
3678,blockbuster,1
3679,adrenalinico,1
3680,fish,1
3681,raffinatissimo,1
3682,sezione,1
3683,focus,1
3684,webtoon,1
3685,ispirato,1
3686,animato,1
3687,mogadishu,1
3688,ryoo,1
3689,seung,1
3690,wan,1
3691,incasso,1
3692,cavour,1
3693,50r,1
3694,055,1
3695,5048516,1
3696,koreafilmfest,1
3697,com,1
3698,filippo,1
3699,brunamonti,1
3700,corredare,1
3701,outfit,1
3702,tutina,1
3703,sneaker,1
3704,laccio,1
3705,arbitro,1
3706,cecchino,1
3707,sparatutto,1
3708,xx,1
3709,ottimista,1
3710,aggiudicare,1
3711,aggressivo,1
3712,parecchio,1
3713,spassosissime,1
3714,affezionare,1
3715,esclusione,1
3716,exploit,1
3717,quotazione,1
3718,proiezione,1
3719,pagamento,1
3720,nelal,1
3721,accanto,1
3722,yellowstone,1
3723,handmaid,1
3724,ottenere,1
3725,ladro,1
3726,stunt,1
3727,ceto,1
3728,manfredi,1
3729,lamartina,1
3730,elencare,1
3731,incubare,1
3732,sanguinario,1
3733,scansare,1
3734,equivoco,1
3735,scherzare,1
3736,trentaduenne,1
3737,urbanact,1
3738,milanese,1
3739,casuale,1
3740,tangenziale,1
3741,scenario,1
3742,albero,1
3743,matto,1
3744,panca,1
3745,distrarli,1
3746,farli,1
3747,filare,1
3748,pesciolino,1
3749,posizionare,1
3750,ludos,1
3751,sacco,1
3752,iuta,1
3753,piuma,1
3754,volteggiare,1
3755,basket,1
3756,riformulare,1
3757,pallacanestro,1
3758,art,1
3759,abbellire,1
3760,permanere,1
3761,mettersi,1
3762,graduatoria,1
3763,prenotarsi,1
3764,gareggiare,1
3765,gratuitamente,1
3766,cinquecento,1
3767,pandemica,1
3768,semplicissima,1
3769,sanificati,1
3770,hoc,1
3771,proposta,1
3772,praticare,1
3773,avversario,1
3774,riscuotere,1
3775,università,1
3776,calabria,1
3777,francare,1
3778,montini,1
3779,dapprima,1
3780,aggiudicarsi,1
3781,week,1
3782,sessant,1
3783,1960,1
3784,kiyong,1
3785,precorrere,1
3786,noir,1
3787,esplorare,1
3788,sessualità,1
3789,rapporto,1
3790,religione,1
3791,beyond,1
3792,mountain,1
3793,jong,1
3794,tae,1
3795,cardinale,1
3796,chiesa,1
3797,cattolico,1
3798,800,1
3799,cattolicesimo,1
3800,allievo,1
3801,sperimentale,1
3802,maurizio,1
3803,nichetti,1
3804,fighter,1
3805,yun,1
3806,jero,1
3807,giancarlo,1
3808,cataldo,1
3809,costituire,1
3810,ammontare,1
3811,totale,1
3812,ripagare,1
3813,salvaguardare,1
3814,motivare,1
3815,ricercarsi,1
3816,affinché,1
3817,prevenire,1
3818,pericoloso,1
3819,shazar,1
3820,gallery,1
3821,marino,1
3822,pasquale,1
3823,orario,1
3824,martedì,1
3825,teheran,1
3826,1985,1
3827,istanbul,1
3828,dipinto,1
3829,tela,1
3830,acquerello,1
3831,micro,1
3832,installazione,1
3833,curatore,1
3834,avvertire,1
3835,consolatorio,1
3836,propiziatorio,1
3837,risuonare,1
3838,antico,1
3839,scorgere,1
3840,distrarre,1
3841,mutuo,1
3842,decodificare,1
3843,relegare,1
3844,sospensione,1
3845,simbolico,1
3846,fattezza,1
3847,pittorico,1
3848,rappresentazione,1
3849,disordine,1
3850,visivo,1
3851,entropia,1
3852,espressionismo,1
3853,deformare,1
3854,disfacimento,1
3855,figura,1
3856,esistenziale,1
3857,parabola,1
3858,cieco,1
3859,bruegel,1
3860,accavallarsi,1
3861,posa,1
3862,puzzle,1
3863,surrealismo,1
3864,humour,1
3865,nonsense,1
3866,ren,1
3867,cer,1
3868,ricostruzione,1
3869,meme,1
3870,impazzare,1
3871,assaltare,1
3872,febbre,1
3873,arrestare,1
3874,iniziato,1
3875,precedentemente,1
3876,obiettivare,1
3877,reazione,1
3878,fallimento,1
3879,lavorativo,1
3880,autista,1
3881,divorziare,1
3882,risposare,1
3883,compleanno,1
3884,corto,1
3885,giocarli,1
3886,cavallo,1
3887,ex,1
3888,maritare,1
3889,scattare,1
3890,orgoglio,1
3891,giudice,1
3892,occuparsi,1
3893,campano,1
3894,inizialmente,1
3895,nascere,1
3896,studio,1
3897,trasformandolo,1
3898,sequel,1
3899,escludere,1
3900,deluso,1
3901,suggerimento,1
3902,siccome,1
3903,storicamente,1
3904,foreign,1
3905,estero,1
3906,1944,1
3907,annata,1
3908,conduttrice,1
3909,tina,1
3910,fey,1
3911,amy,1
3912,pohler,1
3913,beverly,1
3914,hills,1
3915,organizzatore,1
3916,umanitario,1
3917,tappeto,1
3918,nbc,1
3919,decisione,1
3920,tentativo,1
3921,profilare,1
3922,inchiesta,1
3923,accusato,1
3924,novantina,1
3925,chiarezza,1
3926,assegnazione,1
3927,helen,1
3928,hoehne,1
3929,fresco,1
3930,osservatorio,1
3931,concluso,1
3932,nostrano,1
3933,pausini,1
3934,edoardo,1
3935,ponte,1
3936,riposto,1
3937,paolo,1
3938,sorrentino,1
3939,2014,1
3940,tassello,1
3941,bookmaker,1
3942,ryûsuke,1
3943,hamaguchi,1
3944,haruki,1
3945,murakami,1
3946,pedro,1
3947,almodóvar,1
3948,eroe,1
3949,asghar,1
3950,farhadi,1
3951,iran,1
3952,scompartimento,1
3953,society,1
3954,critics,1
3955,pixar,1
3956,genovese,1
3957,enrico,1
3958,casarosa,1
3959,trent,1
3960,gioiellino,1
3961,encanto,1
3962,animazione,1
3963,flee,1
3964,afghano,1
3965,sunny,1
3966,maad,1
3967,raya,1
3968,dragare,1
3969,belfast,1
3970,kenneth,1
3971,branagh,1
3972,cane,1
3973,jane,1
3974,campion,1
3975,entrambi,1
3976,scontro,1
3977,irlanda,1
3978,western,1
3979,neozelandese,1
3980,benedict,1
3981,cumberbatch,1
3982,will,1
3983,smith,1
3984,richard,1
3985,biopic,1
3986,denzel,1
3987,tragedy,1
3988,macbeth,1
3989,mahershala,1
3990,swan,1
3991,javier,1
3992,bardem,1
3993,being,1
3994,ricardos,1
3995,hbo,1
3996,tycoon,1
3997,ray,1
3998,allenatore,1
3999,premier,1
4000,league,1
4001,lasso,1
4002,jennifer,1
4003,aniston,1
4004,renée,1
4005,zellweger,1
4006,only,1
4007,murders,1
4008,building,1
4009,risultato,1
4010,sch,1
4011,ermo,1
4012,firma,1
4013,trainare,1
4014,unità,1
4015,deridere,1
4016,roseo,1
4017,lento,1
4018,flessione,1
4019,eccezionale,1
4020,soffiare,1
4021,education,1
4022,69,1
4023,instaurare,1
4024,prenatalizio,1
4025,tiger,1
4026,cobra,1
4027,kai,1
4028,acquisizione,1
4029,roald,1
4030,dahl,1
4031,story,1
4032,company,1
4033,fabbricare,1
4034,matilda,1
4035,cantiere,1
4036,fretta,1
4037,testuale,1
4038,definitivo,1
4039,patrio,1
4040,chilometrico,1
4041,fila,1
4042,biscotto,1
4043,folle,1
4044,lucca,1
4045,comics,1
4046,orda,1
4047,cosplayer,1
4048,ricreazione,1
4049,uccidendosi,1
4050,fortunatamente,1
4051,picchiandosi,1
4052,insultare,1
4053,giornale,1
4054,beneficiare,1
4055,inventariare,1
4056,messaggero,1
4057,suor,1
4058,matera,1
4059,informato,1
4060,132,1
4061,frazione,1
4062,moltitudine,1
4063,capolavoro,1
4064,montessoriane,1
4065,domare,1
4066,avido,1
4067,performa,1
4068,riccastro,1
4069,farglielo,1
4070,ridicolo,1
4071,spento,1
4072,salvo,1
4073,leggenda,1
4074,auge,1
4075,diktat,1
4076,sospettato,1
4077,ciao,1
4078,tribolà,1
4079,quattordici,1
4080,pagà,1
4081,affittire,1
4082,ventisei,1
4083,fuorisede,1
4084,davero,1
4085,m,1
4086,pe,1
4087,campà,1
4088,informà,1
4089,gigantesco,1
4090,luminoso,1
4091,esse,1
4092,passeggiare,1
4093,buffare,1
4094,buttà,1
4095,statisticamente,1
4096,probabile,1
4097,silurare,1
4098,pallina,1
4099,flipper,1
4100,regazzini,1
4101,accollare,1
4102,notevole,1
4103,accorgerti,1
4104,peggio,1
4105,parare,1
4106,mutanda,1
4107,mica,1
4108,gratis,1
4109,reggere,1
4110,botta,1
4111,straniare,1
4112,lettura,1
4113,atipico,1
4114,spiazzare,1
4115,totalizzare,1
4116,diabolico,1
4117,varco,1
4118,binario,1
4119,becco,1
4120,maledire,1
4121,mezz,1
4122,fidato,1
4123,scusare,1
4124,michele,1
4125,rech,1
4126,stranito,1
4127,romanesco,1
4128,comfort,1
4129,graphic,1
4130,novel,1
4131,candidare,1
4132,gipi,1
4133,letterario,1
4134,stregare,1
4135,2015,1
4136,qualcun,1
4137,dargli,1
4138,rivoluzionario,1
4139,190,1
4140,contemporaneamente,1
4141,qualcuna,1
4142,divertitevi,1
4143,greco,1
4144,superato,1
4145,notice,1
4146,action,1
4147,rock,1
4148,gal,1
4149,gadot,1
4150,narcos,1
4151,robinson,1
4152,rebibbia,1
4153,bao,1
4154,publishing,1
4155,trattato,1
4156,kurdistan,1
4157,insicurezza,1
4158,solitudine,1
4159,manuale,1
4160,conformismo,1
4161,ammannire,1
4162,ribassare,1
4163,paternalismo,1
4164,spezzare,1
4165,sincerare,1
4166,deprimere,1
4167,schizzare,1
4168,soffrire,1
4169,stancare,1
4170,tranquillità,1
4171,qualunquismo,1
4172,sensibilità,1
4173,innocenza,1
4174,gioia,1
4175,inconsapevolezza,1
4176,dolore,1
4177,rabbia,1
4178,pietas,1
4179,lacrima,1
4180,straccio,1
4181,brandello,1
4182,ciancicare,1
4183,ritrovamo,1
4184,paragonabile,1
4185,frammentazione,1
4186,motore,1
4187,instabilità,1
4188,innescare,1
4189,bengodi,1
4190,reputazione,1
4191,clamoroso,1
4192,distaccare,1
4193,variegato,1
4194,intellettuale,1
4195,guaio,1
4196,appeni,1
4197,concretamente,1
4198,arlecchino,1
4199,sfaldarsi,1
4200,legislatura,1
4201,appeso,1
4202,male,1
4203,pancia,1
4204,micropartiti,1
4205,zero,1
4206,virgola,1
4207,collegio,1
4208,uninominale,1
4209,imbarcare,1
4210,pensionato,1
4211,automobilista,1
4212,repubblicano,1
4213,centristo,1
4214,trotzkista,1
4215,cuffariani,1
4216,vegani,1
4217,terrapiattisti,1
4218,mastella,1
4219,turigliatto,1
4220,senador,1
4221,pallaro,1
4222,ciampolillo,1
4223,fascista,1
4224,2006,1
4225,centrodestra,1
4226,ricattare,1
4227,sveglio,1
4228,maggioritario,1
4229,provato,1
4230,furia,1
4231,bipolaristi,1
4232,elezione,1
4233,bingo,1
4234,poker,1
4235,dispetto,1
4236,astrazione,1
4237,bipolarista,1
4238,alternanza,1
4239,virtù,1
4240,bensì,1
4241,urna,1
4242,tracciare,1
4243,qua,1
4244,brancaleone,1
4245,rissare,1
4246,nefasto,1
4247,pensata,1
4248,2023,1
4249,letto,1
4250,bersani,1
4251,fratoianni,1
4252,conta,1
4253,calenda,1
4254,renzi,1
4255,bonino,1
4256,berlusconi,1
4257,salvini,1
4258,melone,1
4259,cesa,1
4260,brugnaro,1
4261,spostato,1
4262,pedinare,1
4263,avversare,1
4264,sbarramento,1
4265,sfrondare,1
4266,concordare,1
4267,essenza,1
4268,complottare,1
4269,golpe,1
4270,establishment,1
4271,dichiarato,1
4272,mancino,1
4273,istituzione,1
4274,esquiline,1
4275,mas,1
4276,magazzino,1
4277,regolare,1
4278,corridoio,1
4279,maritozzi,1
4280,panna,1
4281,tronchetti,1
4282,semifreddi,1
4283,annoverare,1
4284,cheng,1
4285,gong,1
4286,vetrino,1
4287,visibile,1
4288,fitto,1
4289,accatastare,1
4290,porticina,1
4291,pomeriggio,1
4292,estendersi,1
4293,riunito,1
4294,concesso,1
4295,extra,1
4296,digitare,1
4297,periziare,1
4298,insinuare,1
4299,gita,1
4300,finalizzare,1
4301,fandomica,1
4302,civico,1
4303,accessorio,1
4304,marziale,1
4305,calligrafico,1
4306,teenager,1
4307,determinatissimi,1
4308,disporre,1
4309,cifra,1
4310,acquisto,1
4311,lamentare,1
4312,ricognizione,1
4313,trofeo,1
4314,impressione,1
4315,hobby,1
4316,innocuo,1
4317,adolescenziale,1
4318,assimilabile,1
4319,take,1
4320,backstreet,1
4321,rigidità,1
4322,formativo,1
4323,sottoposto,1
4324,tavolino,1
4325,etichetta,1
4326,incidenza,1
4327,profano,1
4328,eccezionalità,1
4329,odierno,1
4330,determinato,1
4331,connotazione,1
4332,etnico,1
4333,connettere,1
4334,interessato,1
4335,chiacchierare,1
4336,entusiasticamente,1
4337,limitandosi,1
4338,remora,1
4339,auricolare,1
4340,coreografia,1
4341,idolo,1
4342,stories,1
4343,visualizzabile,1
4344,portachiavi,1
4345,unanime,1
4346,iscrivere,1
4347,sganciare,1
4348,concretissimo,1
4349,missile,1
4350,sottomarino,1
4351,metaforico,1
4352,razzo,1
4353,sconfinare,1
4354,geografia,1
4355,implicazione,1
4356,ritrovare,1
4357,girato,1
4358,rilanciare,1
4359,coldplay,1
4360,superband,1
4361,collaborare,1
4362,unione,1
4363,rutilante,1
4364,purtroppo,1
4365,mafioso,1
4366,consigliera,1
4367,nonché,1
4368,avvocato,1
4369,muovendosi,1
4370,fatale,1
4371,faida,1
4372,fratellastro,1
4373,fuggire,1
4374,tesoro,1
4375,lingotto,1
4376,sotterraneo,1
4377,palazzo,1
4378,edificio,1
4379,imprendere,1
4380,inquilino,1
4381,resistere,1
4382,avvocatessa,1
4383,secondario,1
4384,mille,1
4385,ingrediente,1
4386,parolaccia,1
4387,faticoso,1
4388,cadenzare,1
4389,sfogarsi,1
4390,irresistibile,1
4391,intrigo,1
4392,mafia,1
4393,corruzione,1
4394,spunto,1
4395,paradossale,1
4396,inserto,1
4397,derivazione,1
4398,amicizia,1
4399,piccione,1
4400,pippo,1
4401,inzaghi,1
4402,torrenziale,1
4403,normale,1
4404,gradire,1
4405,divertirsi,1
4406,imperversare,1
4407,autobiografia,1
4408,spiccare,1
4409,don,1
4410,banzato,1
4411,prete,1
4412,fargli,1
4413,risposta,1
4414,vocazione,1
4415,baciare,1
4416,stilare,1
4417,magrezza,1
4418,tintarella,1
4419,celebrare,1
4420,erotismo,1
4421,estivare,1
4422,reinterpretare,1
4423,piacerci,1
4424,inteso,1
4425,truccare,1
4426,medicina,1
4427,rivalutare,1
4428,pallore,1
4429,senz,1
4430,madonna,1
4431,prenderlo,1
4432,ruga,1
4433,sviluppato,1
4434,giulio,1
4435,borbon,1
4436,paziente,1
4437,sano,1
4438,esporsi,1
4439,adeguato,1
4440,assunzione,1
4441,integratore,1
4442,mintel,1
4443,46,1
4444,spf,1
4445,solare,1
4446,npd,1
4447,prestige,1
4448,obiettivo,1
4449,diffidenza,1
4450,turista,1
4451,visiera,1
4452,manica,1
4453,palombaro,1
4454,tatuare,1
4455,boyband,1
4456,boxer,1
4457,muto,1
4458,rash,1
4459,guard,1
4460,aderire,1
4461,usato,1
4462,surfista,1
4463,preferito,1
4464,abbinare,1
4465,pantaloncino,1
4466,sgambare,1
4467,pudicizia,1
4468,simile,1
4469,modest,1
4470,dressing,1
4471,religioso,1
4472,attrarre,1
4473,anglofono,1
4474,turchia,1
4475,fortissime,1
4476,fatima,1
4477,bhutto,1
4478,kings,1
4479,world,1
4480,dispatches,1
4481,bollywood,1
4482,fascinazione,1
4483,esercitare,1
4484,fast,1
4485,furious,1
4486,terrorismo,1
4487,sfrenare,1
4488,consumismo,1
4489,materialismo,1
4490,sentimentale,1
4491,disfunzionale,1
4492,frase,1
4493,pakistano,1
4494,repubblica,1
4495,attitudine,1
4496,giulia,1
4497,ceriani,1
4498,semiologa,1
4499,presidentessa,1
4500,baba,1
4501,consulting,1
4502,penetrare,1
4503,specifico,1
4504,radiazione,1
4505,esposizione,1
4506,equivalenza,1
4507,certamente,1
4508,tensione,1
4509,concernere,1
4510,antiage,1
4511,mantenimento,1
4512,flat,1
4513,age,1
4514,neutro,1
4515,incontaminato,1
4516,ambientale,1
4517,matrigna,1
4518,lampante,1
4519,skincare,1
4520,rientrare,1
4521,calderone,1
4522,selfcare,1
4523,sé,1
4524,sostituire,1
4525,lifestyle,1
4526,inglobare,1
4527,aspirazione,1
4528,contraddizione,1
4529,incidentalmente,1
4530,combattere,1
4531,standard,1
4532,capitalistico,1
4533,cortocircuito,1
4534,quantità,1
4535,sommario,1
4536,prenderne,1
4537,istinto,1
4538,realismo,1
4539,filone,1
4540,preventivare,1
4541,curativo,1
4542,salute,1
4543,inquinamento,1
4544,batterico,1
4545,mappatura,1
4546,genetico,1
4547,immunizzazione,1
4548,ipnotico,1
4549,cristallo,1
4550,formulazione,1
4551,olistiche,1
4552,contributo,1
4553,cross,1
4554,category,1
4555,proteggersi,1
4556,raggio,1
4557,uv,1
4558,sacrosanto,1